V1,V2,V3,V4,V5,V6,V7,V8,V9,V10,V11,V12,V13,V14,V15,V16,V17,V18,V19,V20,V21,V22,V23,V24,V25,V26,V27,V28,V29,V30,V31,V32,V33,V34,V35,V36,V37,V38,V39,V40,V41,V42,V43,V44,V45,V46,V47,V48,V49,V50,V51,V52,V53,V54,V55,V56,V57,V58,V59,V60,V61,V62,V63,V64,V65,V66,V67,V68,V69,V70,V71,V72,V73,V74,V75,V76,V77,V78,V79,V80,V81,V82,V83,V84,V85,V86,V87,V88,V89,V90,V91,V92,V93,V94,V95,V96,V97,V98,V99,V100
0.773343723,-2.438404816,-0.482562158,-2.721135441,-1.217058044,0.827809184,1.342603672,0.05704174,0.133568892,0.565427439,1.499823919,0.393594936,1.625921312,0.81819267,0.010544214,-0.545417069,0.186562551,1.264719772,-1.046399417,0.691696128,0.912363029,1.911126435,-0.356246464,0.737355435,1.437605155,1.488760693,0.053635549,1.26514316,-0.712941808,-0.076233306,-0.627921396,-0.049190244,-3.184474398,0.616482096,0.784312418,1.422119894,-0.874429278,-1.226559303,-1.15327969,-1.595042032,-2.123602437,1.098712284,-2.600991129,-0.220148042,-0.118783536,0.846597615,1.705511437,0.215030731,1.027080483,-3.007804855,1.706437573,-0.471604911,0.763326015,-1.630150954,1.277371954,0.820484429,1.70294647,-3.139602644,1.251819667,NA,1.88628146,1.60448567,-0.250129416,1.09767852,0.258973908,-2.150722744,-2.713565382,-1.773134005,-1.373575589,-3.310443018,0.408327674,-0.539053645,-3.366795955,-1.155500151,-1.843895224,1.162744477,1.639171457,-1.158362293,-2.111964733,-0.853315933,-0.395564283,-1.637323116,1.766971435,-0.331982331,-1.843263312,-3.692887476,-0.492167442,-0.670407694,-1.795165262,-1.324634981,-1.558744798,0.255417112,-3.717278929,1.169226068,-1.030019497,-0.717234976,-0.759500681,-2.741090055,0.200979739,-2.338212271
-0.078177781,-2.415753791,0.412771683,-2.825145973,-0.626236475,0.054488185,1.429497518,-0.120248573,0.456791735,0.15905293,1.145909275,0.380694159,1.55652225,0.008166563,0.158711691,-0.274173722,0.325411289,1.647773619,-1.299016353,1.249787116,0.548988085,1.698236026,-0.836555764,-0.117883041,1.620021706,1.091251934,-0.444725822,1.330781651,-0.631863952,-0.36686959,-1.340556469,0.451903302,-2.179482896,-0.117658043,0.559844333,1.047178634,0.553540226,-1.052683357,-0.045939232,-1.935168053,-0.388018195,1.039534387,-2.341325921,-0.392894451,0.011038847,0.702651868,1.163025802,0.024497472,0.88673833,-2.037915795,0.763559045,-0.275753502,0.184652172,-1.322005871,1.629573818,-0.03035612,1.654028796,-2.605042451,1.061394901,0.768996493,0.617830786,1.301716385,0.165175398,0.716277598,1.015918849,-2.528231775,-2.562651998,-2.488914671,-0.976837232,-2.574393816,0.410187274,-0.424953785,-1.069150579,-1.660731207,-1.392312433,1.086134767,1.12336994,-1.05010788,-2.583622623,-0.076341233,-0.495937011,-1.723727059,1.64157591,0.181487876,-0.584651584,-3.186892779,-0.184043038,-1.419230861,-0.861565832,-1.906497147,-1.738977284,-0.299349877,-3.381394754,0.574138394,-1.840739651,-1.408949052,-1.038740892,-1.845793358,0.617561194,-2.289668868
-0.084469157,-1.649739209,-0.241307522,-2.87528612,-0.889405403,-0.027473977,1.159299654,0.015676479,0.1919418,0.496584701,1.388741365,-0.530688253,1.614902952,-0.208008664,0.079273181,-0.537340729,0.004390348,1.472311494,-0.904362161,0.693697029,0.320415442,1.571881414,-1.093326284,0.532861051,1.503454981,1.50338827,-0.13079229,NA,-0.507996297,0.066630082,-0.673932962,0.314664744,-2.144727008,0.247719084,0.942854763,1.048406122,-0.291823972,-1.753885817,-0.514331763,NA,-0.898205264,0.965118991,-2.191043718,NA,0.173448978,0.67620446,1.357174463,0.932085338,0.86103169,-1.976163192,0.690744296,-0.194070304,0.584280526,-1.420885806,1.466906138,-0.02891401,1.460311258,-2.508380006,1.337917861,1.427652212,1.520584841,1.53503759,0.013804281,0.541219029,1.054242341,-2.273997636,-1.995100393,-1.155817762,-0.789658081,-2.126952524,-0.372659156,-0.586986985,-1.280493942,-0.824623543,-0.849800991,0.973691339,1.584386736,-0.221769496,-2.385966702,-0.66650525,-0.731888009,-1.304530059,1.545112702,0.809106332,-1.050679635,-2.672200548,-0.316081547,-0.6923475,-0.304624793,-1.060738636,-1.213013549,-0.080559508,-2.805111914,0.532743659,-1.227924025,-0.604403971,-0.701380985,-1.240291067,-0.418550348,-2.132842318
0.965614087,-2.380546634,0.625296514,-1.741256487,-0.845366394,0.949686822,1.093800732,0.819735778,-0.284620098,0.994732158,1.01483205,0.082501222,1.047599657,0.972028137,-0.170788321,-0.0438474,-0.425412746,0.45285747,NA,0.39386475,0.714761891,1.11573158,0.287131921,0.57233456,0.928574971,1.069835514,0.316269529,-0.089049817,0.074086543,-0.077205071,0.138891999,-0.484995447,0.722851603,0.91055431,0.997243794,0.58650807,-0.720312849,-0.082078111,-0.937769764,-0.338133616,-1.161232651,0.979152849,-1.200977295,NA,-0.224644677,0.136015804,0.999454717,0.691245373,0.823824504,-2.106196279,0.711625402,-0.502361545,0.903610679,-1.130412601,0.902881225,0.793444902,1.095139599,-1.361406646,1.002064677,0.832865644,0.962907107,-0.353964335,-0.496758367,1.014505779,-0.503519049,-1.342468882,-2.02798826,-1.616462527,-1.189412653,-1.385894441,-0.291690094,0.199915865,-1.712578671,-2.243373233,-0.228533049,-0.201137471,1.024319684,-0.497415937,-1.59405681,-0.858965665,-0.153617489,-1.391507928,0.957662975,0.621651179,-0.585010522,-2.045619993,0.490724952,-1.065370955,-0.597109992,-1.666008264,0.204898111,0.502349805,-2.289668868,0.880787899,-1.166034965,-0.31992982,-0.558266698,-1.348998576,0.234914007,-1.745257636
0.075663904,-1.72878467,0.852626495,0.27269533,-1.84136997,0.327935906,1.25121892,0.771449914,0.030917103,0.278313322,1.112219292,-0.393635356,1.18677578,0.418052224,-0.386545223,0.086728004,0.137585663,1.147402453,NA,0.631165388,0.552274622,1.222392122,-1.602462299,0.995804069,0.701016139,1.129561709,0.788320987,0.291175962,-0.063792133,1.069149149,-0.952954716,0.956472522,-2.24620476,0.607480354,1.313347253,1.195224651,-0.46473752,-1.876011022,-0.517850239,-0.673736787,-1.216045386,1.301580343,0.33475648,-0.833559334,-0.565809932,0.724694296,1.072713115,-0.601845022,0.721637451,-1.817077277,1.15857787,-0.113840816,1.073704653,-2.021927636,0.927111971,-0.164403056,1.177084533,0.869282978,1.073465406,1.31105883,1.22759167,1.265340679,-0.056147161,0.233252286,0.576838058,-2.146436411,-1.901128006,-0.368313843,-0.674718045,-1.096614286,-0.983766897,-1.022484928,-1.847695102,-1.178629997,-0.723812595,0.518138817,1.157949808,-0.682602967,-2.033321606,0.040949986,-0.991553216,-1.546932707,0.984883523,0.919086819,-1.895121982,-1.261955087,-0.965218406,0.96351777,-1.331048887,-1.698815724,-1.039588948,-0.434790938,-1.979053368,1.004338239,-1.009228728,-0.166408838,-0.605136303,-1.325763861,1.000962708,-0.83378951
0.458816284,-2.875286121,0.135841223,0.405398439,-2.082646673,0.137847067,1.733529894,0.396424364,0.045833416,0.352064331,1.694514085,-0.37760678,1.825613242,0.344936315,-0.396901877,-0.747603366,0.036524775,0.331244309,0.325627935,-0.992901834,-0.110373058,1.777998554,-1.611941043,1.435370199,1.010946152,1.613290482,-0.641693899,NA,-1.777856564,0.077053629,-1.481924592,-0.074077203,-2.647896278,0.86052429,1.907436585,1.223657778,-0.268010173,-0.931150595,-1.050965635,-0.340239323,-1.467070671,1.698126216,0.152120048,-0.743388397,-0.750140902,0.297954134,1.663528291,0.040949986,1.341009297,-2.451085101,1.046265808,-1.678252228,0.09430968,-2.407945609,0.256655694,-0.207393241,1.305545154,1.127653158,0.643956936,1.776036509,1.629828602,1.892283307,-0.526447005,-1.047253996,0.144533151,-1.014179233,-1.581822745,0.538771475,-0.458075058,-1.034511363,-0.624741148,0.053919842,-1.717023123,-1.244794799,-1.064500759,0.518138817,1.179485421,-1.20330636,-2.287696481,0.139848895,-1.113218441,-2.1086644,1.641072229,0.901583103,-1.273322883,-0.813282982,-0.801846598,1.222716047,-1.429201862,-1.440539376,-0.41581852,-1.137873003,-1.860466667,1.514269723,-1.143505058,-0.78329073,-0.370484139,-1.976163192,-0.365427421,-2.124438908
0.067097744,-1.624044065,0.51962678,0.238229189,-1.397557553,0.138804963,1.825290952,-0.305438794,-0.05287349,-1.242367192,1.830851969,-1.347073648,1.268242539,-0.331982331,-0.224018934,-0.146877196,0.572165284,0.696989788,0.646107983,-1.422128814,-0.666115842,1.786746927,-3.172469452,1.671473303,-0.387428746,1.050366976,-1.189084192,-0.446599651,-1.744685062,0.469878621,-1.275826908,0.57846558,-1.005668543,0.464299894,1.702837177,1.681665546,-0.078177781,-1.887169654,-0.577321615,-0.708666992,-1.029179514,1.725316914,0.519269871,-1.998783639,-0.533071233,0.975879523,1.360745757,-0.718464989,1.774528532,-1.503277717,0.902394627,-1.226900309,-0.10413904,-2.220083871,-1.456716825,-0.875868817,1.516598677,0.634564223,1.354932685,1.883122475,1.90526671,1.99596482,-0.43912531,-1.699909816,-0.32892082,-1.28157405,-2.316684017,-1.234432012,-0.184884839,0.141412753,-1.283376827,-1.170860453,-1.956162526,-1.78557861,-2.190149664,0.834386292,1.465313468,-1.410587054,-2.095570924,0.234281296,-2.149006005,-1.977607236,1.033291239,1.160114956,-0.302186759,-1.344001449,-1.28518286,1.577720181,-1.666008264,-1.294627173,-1.589145209,-1.198985263,-2.803460386,1.193316224,-1.105939064,-1.038458366,-0.743178114,-1.881246636,-0.265398864,-1.179605448
0.094127663,-1.795165262,0.702750917,0.206038083,-1.868208641,0.288181947,1.406072478,0.76033843,-0.039052727,0.136103083,1.300028161,-0.419462618,1.390834041,0.298547826,-0.376294731,0.054014588,0.165599181,1.287081576,1.238316258,0.563892345,0.524255044,1.463857073,-1.652345413,1.195678502,0.596911573,1.345810851,0.73611088,0.228887026,-0.099157572,1.351702916,-0.980829253,1.144573057,-2.271086426,0.515813165,1.455890384,1.345159818,-0.453185844,-1.935860813,-0.585010522,-0.747814582,-1.294627173,1.490136224,0.27140024,-0.917041013,-0.570044983,0.738837306,1.172667878,-0.593301846,0.509404615,-1.849600469,1.402315337,-0.199793303,1.043099579,-2.066722769,0.813726304,-0.189225333,1.361745488,0.951735093,1.18237116,1.508334987,1.428922723,1.503432745,-0.122393648,0.143060843,0.600538349,-2.072267338,NA,-0.340239323,-0.685774426,-1.125777957,-1.018877321,-1.015006705,-1.964685304,-1.283016012,-0.764858028,0.485938492,1.246486168,-0.719491156,-2.060423536,0.067004229,-1.03563749,-1.609437912,1.217846123,1.142150591,-1.925519459,-1.257373581,-1.030299648,1.048616398,-1.393117586,-1.669718843,-1.119631656,-0.460449416,-2.065144237,1.183382267,-0.908322562,-0.196866828,-0.682602967,-1.415929166,1.056191795,-0.898450814
0.108316143,-1.944910649,0.60009944,-0.05108279,-1.98195192,0.119204247,1.849116012,0.237519717,-0.050346374,-0.252701104,1.735964831,-1.470545914,1.129044496,-0.029325829,-0.244878043,0.212042158,0.210260925,1.150920068,1.012000832,-1.013903561,0.258742329,1.857172608,-2.143873402,1.77335786,-0.148268017,1.603077729,0.295799041,-1.109572129,-1.493879572,0.951310325,-1.231344001,0.032273561,-3.123565645,0.757201209,1.450090419,1.831813169,-0.379358861,-2.037915795,-0.484670666,-0.557742544,-1.165714092,1.659332229,0.027712439,-0.975775379,-0.188017749,1.271444519,1.477756237,-0.912547746,1.332497937,-2.068303797,1.71983373,-1.07382212,0.7626266,-1.940027486,-0.69254736,0.430482871,1.718919923,0.933541085,1.121775277,1.871663706,1.82194914,1.771250593,-0.766578459,-0.349841204,-0.219027036,-1.385494681,-3.283414346,-2.363397232,-0.506335718,-1.166034965,-1.110178925,-1.440539376,-1.588655373,-1.322005871,-1.918684163,0.800251175,1.055669992,-1.488548595,-1.982677873,-0.291690094,-1.701553201,-1.62455155,0.554057512,1.320394914,-0.886489241,-2.241489994,-1.034511363,0.995101912,-2.281802554,-2.830217835,-1.84136997,-0.67766761,-2.688247574,1.320448319,-1.606442403,-0.738144546,-1.026105598,-1.799388496,0.786774126,-0.854020406
-0.970746918,-2.347582459,-0.392006088,-0.141218002,-1.823250136,-0.303540488,1.498551043,-0.206409352,0.144792745,-1.572142128,1.582128379,-0.873949891,1.457125542,-0.080667903,-0.161225648,0.572729427,0.777626187,1.543212636,1.16396298,0.197866768,0.685467769,1.601748424,-1.665479303,1.45123905,0.394875907,1.43891053,0.887273783,0.076590602,-0.244494877,1.378463782,-0.091786396,0.865334223,-1.088562953,0.092488019,1.43596509,1.466213984,-0.19650162,-2.995732274,-0.560716393,NA,-1.462743533,0.649665402,0.216320326,-1.028340236,-0.009545413,1.340956979,1.495305704,-0.339817827,0.861707822,-1.834458224,1.681665546,-0.198328995,1.245364237,-1.257373581,0.454509208,0.552217056,1.442509274,0.949454678,1.526556179,1.703256071,1.598740903,1.714878425,0.564119915,-0.012376271,0.516767933,-1.6321949,NA,-1.508688009,-0.574830954,-1.290257173,-0.673344553,-1.086486109,-1.684161459,-0.681811671,-1.218409852,0.583722863,1.048721519,-1.348998576,-1.722046857,-0.520707624,-1.287354413,-1.673976434,0.486799289,1.045809083,0.008265744,-1.211669011,-0.809905741,1.230254398,-1.2772606,-2.014403146,-1.497896538,-0.867738691,-3.390257442,1.016244658,-1.457146102,-0.198938863,-0.787897517,-1.803629642,1.258262106,-1.248621556
1.163931755,-2.686778066,0.044973366,-2.08505728,-0.705017353,1.138057336,1.311193589,0.610634759,0.231667122,1.064745219,1.393021682,0.062317306,1.402438343,0.387301137,1.027187892,-0.730849048,0.370321406,1.200386381,-0.353537015,0.545806593,0.414490919,1.367493732,-0.635633274,1.363486222,1.312001757,1.386694281,0.167123313,0.763559045,-0.406165353,0.542498694,-1.313043899,0.38369655,-0.449416996,0.765328298,1.318604212,1.012981776,-0.152335661,-0.070422464,0.057985849,-1.315276874,0.174709324,1.263420263,-2.193730688,NA,0.460836741,0.517483411,1.375637781,1.316006008,1.295959285,-1.1248536,1.273041673,-0.109033921,0.839323291,-1.141311043,1.229289612,-0.136736524,1.365887551,-2.049494465,1.152942633,1.214259712,1.285285474,1.360258347,0.200243331,1.20480246,0.068406033,-1.175061461,-2.219163485,-0.30870144,-0.419766893,-2.14814874,-0.781759839,-0.525939262,-2.20183519,-0.930136139,-1.911218909,-0.049295292,0.966451385,-0.535118316,-1.631683521,-0.41113113,-1.044124103,-1.430037284,1.285064193,0.414226614,-0.68995229,-2.467459736,0.00039992,-1.422958345,-0.951141009,-0.54818141,-0.916290732,-0.157472859,-2.569158202,1.204682552,-1.744685062,-0.615260642,-0.266703666,-2.012905018,0.408394148,-1.703199292
0.503619724,-2.645075402,0.040085724,-2.95651156,-1.587187303,0.770524802,0.894126919,0.137411356,-0.305031711,0.692597029,0.960537256,-0.157706996,1.553586879,0.907613191,0.412308307,-0.109703265,-0.723606388,0.851474839,-1.373970611,0.578914086,0.084892467,1.784130442,-0.627921396,0.993510999,1.173688839,1.236865848,1.040135359,-0.03469497,-0.727945686,0.302176519,-0.31992982,0.253245895,0.923107445,1.116386717,1.053301066,0.649404258,-0.517011383,-0.091019398,-0.687165109,0.277252877,-0.004912044,1.149115271,-2.166307475,-0.47997316,-0.690550555,0.476855104,1.119590695,0.583332315,0.318962692,-1.173766962,1.308711126,-0.223268559,0.772928316,-1.174737679,1.020938994,0.740269288,1.689135945,-2.548485631,1.314852064,1.303890535,1.211821919,2.030566374,0.467563154,0.88116084,-0.062620362,-0.810805224,-1.860466667,-0.385956642,-0.659519,-1.790360448,-0.616556578,-0.741077714,-2.178599113,-1.208650394,-0.917041013,0.518972349,0.846726268,-0.877791433,-1.345536369,-0.62960916,-1.576486812,-1.328402883,0.994732158,0.241611956,-1.060449828,-1.715910157,0.223783347,-1.520511703,-0.447537885,-1.774902352,-1.475781528,-0.700776208,-2.913231052,0.329087897,-1.518683549,-0.355675444,-0.17411532,-1.540845121,0.086269435,-1.586209786
1.187202973,-2.154165088,-0.113616727,-2.288682188,-1.26655768,0.681732278,1.1814204,0.344015146,-0.046253385,0.731165248,1.571507566,-0.854020406,1.550112446,1.013344845,0.650344058,0.239803992,0.124957239,0.908984103,0.710495819,0.550430878,0.988164782,1.719941181,0.125045489,1.527251241,0.808126289,1.339045509,0.494269322,0.652793826,-0.225145554,0.417064244,-0.578926037,0.437738669,0.63620639,0.697139202,1.570946533,0.829119342,-1.599982754,0.216320326,-0.363555705,-1.160274949,-0.587706668,0.998570935,-2.288682188,-0.839329691,1.093901209,0.468126869,1.234511709,0.741508681,1.348774201,-0.724018844,0.983687664,-0.297732408,0.967021868,-1.178629997,0.749574772,-0.084142768,1.517498047,-1.516858731,0.96941435,1.323673999,1.140873247,1.718202627,-0.09783336,1.26036259,0.349388462,-0.246284244,NA,0.355153788,-0.685179011,-1.766676689,-1.035074268,-0.08872193,-1.796370082,-1.288441961,-1.196666229,-0.688557728,1.341166234,-0.982964865,-1.300116665,-0.85143976,-0.803408575,-1.232372279,1.165772371,0.910715218,-1.206308864,-1.514582381,0.825534169,-0.769812266,-0.287415441,-1.425867136,-0.652965391,-0.158878505,-1.998045904,0.362139983,-1.320132159,-0.641124153,-0.057523186,-1.222476276,0.381104107,-1.088265997
0.005982072,-1.657578288,-0.843505062,-2.268183666,-1.209320411,0.51903186,1.773272975,-1.218071729,-0.303675962,0.507419831,1.59137577,0.461593362,2.249205413,-1.791559489,0.123455804,0.969300552,-0.173758326,-0.007226045,-2.08828049,-0.650854268,-0.013389237,1.572151328,-0.438349935,0.724015804,1.160020917,1.233055765,-1.647659125,-0.037286585,-0.94160854,-1.093923299,-1.190727578,-1.002938539,0.584503503,1.019821575,0.280355297,-0.1537341,0.461467298,-0.869407146,-0.473529839,-1.763172012,1.212060015,0.499623109,-2.178599113,-0.62064049,0.694146681,-0.072893326,0.935387228,1.651865018,1.692859521,-0.925583779,-0.343476711,-0.502196297,-1.407722309,-1.705948813,0.395886042,-0.762711644,0.968503603,-2.237734121,0.273228116,0.216320326,0.96401366,2.258695899,-1.475781528,0.795748894,-0.335193055,0.961990411,-0.083381609,1.467459516,-0.546452801,-1.370027389,0.340606536,-0.01136433,-1.431291727,-1.344384958,-1.105334834,0.631431339,0.077331343,-0.813508537,-0.779794987,-0.327809864,-0.895998029,-1.273322883,2.198490443,-0.414758155,1.217461423,-0.625862434,1.399333975,-1.496555755,-1.413871129,0.182821432,-2.005447862,-0.950623411,-1.552585101,1.067568718,-0.503684516,-0.995875211,0.13706265,-0.991822795,-1.043272194,-1.658103084
0.996874831,-1.440961763,-0.996145957,-1.518683549,-0.991283711,0.576613364,1.174832315,-0.390231728,-0.157121756,-0.384486702,1.506385841,-0.436800988,1.292889864,0.585394918,0.036813973,-0.922308804,-0.122619714,0.4158114,0.229682128,0.01133551,0.433598947,1.635359038,-0.470323681,1.485755007,0.750141692,1.710223981,0.596140563,-0.245261357,-0.768517488,-0.279184942,-0.424800844,-0.098715973,-0.009545413,0.957624595,-0.077205071,0.467061806,-0.696753676,-0.173639356,-0.462670582,-1.074700469,0.852839619,0.231667122,-1.085893516,-0.880682304,-0.62064049,-0.209487225,1.250016343,0.88397413,1.420816554,-1.671313316,0.314956715,-0.372514008,0.725275494,-1.444771291,0.328512067,-0.811255269,1.391431145,-1.182211313,0.990135812,NA,1.382512218,1.256612692,-1.020263322,0.654925968,-0.519361955,-0.066567244,-1.580364665,-0.645309851,-0.595476153,-1.591106956,-0.106027405,0.457931048,-1.701005106,-0.904856354,-0.204812595,0.069805874,0.97414446,-0.825764705,-1.844527535,-0.598746505,-1.010876174,-1.441807071,1.105786492,1.431219925,-0.244878044,-1.592089274,-0.272596435,0.387233247,-0.024190239,-0.615445673,0.048027969,0.050407903,-0.867976872,1.055565599,0.170923512,-0.211585603,0.270485048,-1.586209786,0.449928465,-0.854725376
0.722123289,-2.497384171,-0.1030299,-2.049494465,-0.926088574,0.54226615,0.776062681,0.445262578,-0.418398384,0.407995238,1.908104434,-0.626984978,1.488783258,0.744932854,0.194167779,-0.805196684,-0.48694635,0.424286862,-0.052241112,-0.023780529,0.483166616,1.8098122,-0.358104537,1.273517524,-0.137539414,1.815182984,0.494757216,0.004589452,-0.386250889,-0.111266812,-0.398241263,0.068592792,1.096376458,0.481376216,1.364866414,0.58589599,-1.034511363,-0.050451544,-0.55321134,-1.543650172,-1.238219243,1.094336494,-1.64454709,-0.675503745,-0.290084957,-0.372949516,1.760870616,0.615077525,1.061740814,-2.134531508,0.516290663,-0.530178352,0.369699752,-1.666008264,0.163223681,-0.391858105,1.452199136,-1.020540753,0.524018218,1.696807559,1.207227502,1.540430755,-0.468564665,1.289508092,-0.306796936,-0.521212717,-1.547872557,-0.734385929,-0.700776208,-1.359847191,-0.903127745,-0.37353049,-2.20909475,-0.948297528,-0.200892942,-0.563347743,1.040559357,-0.308293026,-2.046393688,-0.610093625,-0.780013114,-1.4554301,0.778039648,1.479215325,-0.982430534,-1.625059293,-0.448790233,0.567640645,-0.064538521,-0.674718045,0.059871397,-0.022552405,-1.757937921,0.756685201,-0.498732376,-0.29813653,0.073900808,-1.836966062,0.791316904,-0.438660013
0.614266298,-2.092324168,-0.001701447,-1.512765025,-0.976571663,0.562525835,1.226154951,0.785361665,0.052402679,0.474306857,2.049098307,-0.539053645,1.312701641,0.856328391,0.215998083,-0.721135217,0.268269869,1.078443594,-0.345311185,0.019116117,-0.198694871,2.007515802,-1.17409043,1.153952384,0.578409503,1.474328132,0.291400152,0.649143045,-1.083822203,0.100840315,-1.068859331,0.70383981,-0.864884944,0.450884518,1.342368597,0.896169654,-1.165393322,-0.438660013,-0.75162411,-0.273647683,-0.874429278,0.449354394,-1.210997419,-0.792525625,-0.480619782,-0.003205131,1.659370281,0.718083666,1.307711005,-1.197328262,0.37939488,-0.146066776,0.048027969,-1.070024832,0.560529656,-0.569161201,1.599650168,-1.559220196,1.113993391,1.382587499,1.548710785,1.489527616,-0.527971783,-0.005213567,0.30733763,-1.233744963,-1.773723107,0.13775994,-0.479488468,-0.972596568,-1.115961927,-0.475136781,-1.592089274,-0.845366394,0.775694442,0.644744441,1.389937716,0.045546815,-1.25772526,-0.683394889,-0.796287939,-0.952436179,1.301906812,0.500290322,-0.560716393,-1.023319305,-1.202973304,0.6090588,-0.285551011,-0.694948803,-0.725877005,-0.166881372,-0.731472295,1.09617599,-0.883339632,-0.452085129,-0.011162065,-1.086189769,0.233093882,-0.861092571
0.998423561,-1.712024501,-0.700373226,-1.382700826,-0.743598724,1.178931881,1.908771838,-0.287282152,-0.287815415,0.043634037,1.938165954,-1.000759889,1.701871231,0.806743687,0.256114003,-0.59293992,0.068499416,1.005216941,-0.702995517,0.147471279,0.663254823,2.030408848,-0.034798506,1.383966654,0.871460716,1.725851121,0.305718435,0.318962692,-0.354391838,0.586062958,-0.442855497,0.217286432,0.351290474,0.53608393,1.930071085,0.94004632,-0.908818717,-0.427404016,-0.400477567,-0.966006324,0.324255053,0.906361601,-1.402017322,-0.49265832,-0.221769496,-0.121828708,1.795867686,1.100144448,2.039946791,-1.520511703,1.017835979,-0.200281882,0.290129076,-1.190398684,0.947944426,0.212769931,1.837385904,-0.901155844,0.835471056,1.45856851,1.391431145,1.72192696,0.107777592,1.219678817,0.503377959,-1.28916765,-1.54458694,0.27626717,-0.609909582,-1.002938539,-1.29974976,-1.373970611,-1.812166279,-1.323131786,-1.612944052,-0.476907406,1.337209153,-0.323102018,-1.114436839,-0.500875293,-1.32425897,-1.257373581,1.157258484,0.774773249,-1.438851612,-1.658103084,-1.242713633,0.387640523,-1.263015345,-1.210326278,-0.611198598,-0.438504962,-1.589145209,0.844150054,-1.338647708,-1.051537881,-0.645881988,-0.993171776,0.91904693,-1.468372472
0.856753019,-2.53577898,-0.272596435,-1.677716753,-0.875388741,1.037410417,1.603540557,-0.400179104,0.0605305,-0.010050336,1.893608828,-0.307612708,1.581305892,0.639429898,0.266203041,-1.083231187,-0.069993372,0.89023419,-0.852142912,-0.378336441,0.738837306,2.032520255,-0.391710143,1.250646445,1.113303837,1.691128492,0.527269676,0.189297171,-0.43139849,0.001698557,-1.06363132,0.172776144,0.706014046,0.282543895,1.271220153,1.303102951,-0.80430223,-0.457284857,-0.698561813,-1.258781041,-0.422967383,0.405931666,-1.38230234,-0.736681183,-0.520034563,0.056096739,1.72044247,1.348540572,1.915657106,-2.259525604,1.461216288,-0.154084015,0.410916887,-1.664950622,0.357814295,0.064100925,1.811300624,-1.500583508,1.128429957,1.555973843,1.52690377,1.576708088,-0.423578164,1.457847286,0.371494589,-1.938636665,-2.709050701,-0.882855956,-0.967847219,-1.939331834,-1.30933332,-1.833206659,-2.139616265,-1.474470052,-1.655481851,-0.155835432,0.986562785,-0.509659637,-2.663554961,-0.46808547,-2.33407576,-1.89578754,1.177331043,1.96442343,-0.46968368,-2.365524893,-1.184497028,0.021859334,-1.039588948,-0.968373812,-0.653157532,-0.428017513,-2.319731252,1.010036052,-0.093871216,-1.186460379,-0.251285857,-2.015903521,1.098845595,-1.128247094
0.657053573,-1.378326191,-0.554255182,-1.998045903,-1.08975166,0.953008315,2.002924902,0.304244161,0.569339785,0.351149708,1.315147386,0.053919842,1.067121622,0.909950676,0.031983046,-0.627921396,0.213416396,0.252935336,-1.616966179,0.079457921,1.211583767,1.937287365,-0.616556578,1.678796051,1.348047174,1.826289712,0.525024343,-0.14064233,-0.850034936,0.388454579,-0.699165253,0.030044121,0.728321256,0.406664389,1.098445608,0.727596915,-0.413094135,-0.363411872,-0.523742016,-1.544118446,0.700519935,0.159649818,-1.471852249,-1.829461336,-0.272202502,0.106969221,1.295931921,0.357044876,0.644901868,-0.677077,0.524491815,-0.853550702,0.203593692,-0.718259881,-0.279449388,-0.475780282,0.820440406,-1.612944052,1.093264682,1.382060411,0.629461629,2.900547586,-0.762926075,0.517781376,0.109392377,1.047389167,NA,1.772219807,-0.079476202,-1.458435039,-1.005668543,-1.054691102,-1.755620423,0.168645126,-0.326977455,-1.696631124,0.882816675,-0.452399495,-1.071191693,-1.234432012,-1.076752954,-1.621004549,0.695195082,1.09051291,-0.247564326,-0.385956642,-1.042704657,1.0636412,-0.646836278,-0.239145909,-1.408131056,0.53180403,-0.972332123,1.091486964,-1.23065907,-0.828279855,0.009752291,-1.632706539,0.373699205,-0.800064463
1.285506707,-2.248096908,-0.539053645,-1.274395269,-0.80923166,1.11182462,1.442060139,0.956626208,-0.001601281,0.69419663,2.02905573,-0.370628993,1.847934993,0.935818812,0.280355297,-1.159318164,-0.429399258,0.284502021,-0.921805913,-0.378920553,0.625510532,2.115279135,-0.418246443,1.435227372,0.500108399,1.708341628,0.544937153,-0.353252237,-0.686767574,-0.211462047,-0.579818495,-0.097171912,-1.362968536,0.649508724,1.732062542,1.003275442,-1.161552088,-0.494132401,-0.76035593,-1.345152418,-0.261364764,1.022163117,-1.512765025,-0.920549789,-0.360539545,-0.203953857,2.034627213,1.127361702,1.853904503,-1.995835958,0.798272669,-0.858965665,0.261440761,-1.520511703,-0.351261054,-0.356532097,1.582005049,-1.488548595,0.627274436,1.32255552,0.98394938,2.14038376,-1.078221599,0.668547064,-0.268925744,-1.254214021,-2.327902901,0.246156706,-0.162636584,-1.545055654,-1.612944052,-1.325011133,-1.800598418,-1.069441911,0.031110995,-0.72649716,0.946160166,-0.457126891,-1.690647968,-0.554603371,-1.501480771,-1.753885817,1.189640587,1.248611506,-0.831260483,-1.007857925,-0.759714425,1.067706246,-0.77652879,-1.228607085,-0.912796843,0.384445741,-1.617470084,1.061048868,-0.922057327,-0.21927604,0.227852447,-1.661257661,0.85811062,0.449800922
0.76593285,-2.337176538,-0.694748462,-1.508688009,-0.776094101,1.110244373,1.86522676,-0.19723217,0.079365555,-0.128174339,1.902152302,-0.94160854,2.209504426,0.699477104,0.232301489,-0.489553488,0.059683002,0.528979834,-1.188099455,-0.142139767,-0.096841351,1.82241799,-1.345536369,1.174492499,0.871795332,1.261382853,0.141759945,-0.298945265,-0.981095955,-0.509826123,-1.016111067,-0.460766424,0.271476468,0.965157084,1.482672153,0.654042461,-0.784166579,-0.717439873,-0.265529268,-1.272608597,-0.792304752,0.60475303,-1.33142746,-1.246532419,0.436963775,-0.086756864,1.826917453,1.319620228,1.336132006,-1.616462527,0.570753532,0.084892467,0.085718875,-1.246532419,0.36179183,-0.559665789,1.631238542,-1.692276191,0.603277176,0.721588854,1.016063666,2.207108899,-1.115961927,-0.203586052,-0.256054215,-1.422543494,-2.24620476,0.238859408,-0.633935321,-0.838404193,-1.30600553,-0.983232138,-1.632706539,-0.472727335,-0.485157877,0.001798382,0.788548265,-1.130722343,-1.751001477,-0.194677579,-1.435064525,-1.494770837,1.410010888,0.806877571,-0.812606621,-0.865360003,-0.971539206,0.701363335,-0.378628454,-0.794073099,-0.989130278,-0.032729825,-1.585233224,1.244298676,-1.412638336,-0.272071225,0.085994193,-1.50237884,0.085535288,-0.394080163
0.8382427,-1.833206659,-0.547143886,-0.680823431,-0.786579125,2.452727751,2.374961567,0.257197091,-0.503353609,-0.020508877,1.791759469,-0.407667532,1.670777573,1.436250512,0.308072762,-0.045101974,-0.041968485,0.451457712,-0.693147181,0.150658876,0.561157456,2.234520362,-0.075370307,1.728251528,1.316247363,1.83792715,0.971195497,-0.127947014,-0.161695739,-0.019896632,0.198932823,0.098668172,0.607589292,0.452984624,1.220652915,0.864239255,-1.16315081,-0.652005237,-1.587187303,-0.540426094,-0.954511945,0.745597306,-1.083822203,NA,-0.22614806,0.2169645,1.978861249,0.797912519,2.149527149,-1.707602161,0.158626363,-0.241816817,0.736829082,-0.756939314,0.550315531,0.498408854,1.837783908,-0.943661929,1.466767745,1.563058839,1.536544587,2.447040352,-0.367591456,1.004594607,-0.21418381,-0.550953415,-1.760842367,1.269226695,-0.385074418,-1.121164693,-1.609437912,-1.210661792,-1.510045169,-0.931912113,-0.529498889,-0.757365753,0.807591315,-0.502196297,-0.999944117,-0.581963652,-1.015282681,-1.235119533,0.66423317,NA,-1.294627173,-0.675700267,-1.054978252,0.941646539,-1.092729626,-1.244100595,-0.843505062,0.420353721,-1.777856564,0.951619265,-1.568775931,-0.954771719,0.017938145,-0.897468978,1.300436864,-0.85143976
0.313496007,-1.797576355,-0.316630394,0.355714483,-2.12611395,0.298028365,1.90955732,0.17083922,0.145225252,-0.133302847,2.210535591,-0.762068626,1.035068828,0.584057498,-0.586986985,-0.129311737,-0.020610954,0.888919535,0.975389484,0.362905494,0.910674993,2.129504705,-1.085005285,2.282117044,0.802674005,2.138794767,-0.235469201,0.156405279,-0.991553216,0.86318527,-0.5407695,0.491275765,-2.115275995,0.661759707,0.808883679,0.492620919,-1.135691297,-1.276185138,-0.941864983,-1.229290612,-1.327271021,1.568990848,0.307116985,-1.342851803,-0.447068658,0.799217444,1.767603379,-0.944690206,1.687583437,-1.657578288,1.623971782,-0.913793852,0.956779871,-1.172474137,0.739839909,0.577736329,1.872248231,1.015085742,1.047599657,2.3459702,2.256425965,2.063540792,0.10300775,0.360119006,0.990358703,0.029170377,-1.346689107,0.764304375,-0.025215249,-0.988592644,-1.048109307,-0.798063351,-1.7567785,-0.2424538,-1.263015345,-0.223643676,0.751038659,-1.004302609,-1.7333019,-0.665921194,-1.134446742,-1.97256218,1.055008651,0.899795429,-1.290620611,-0.699769057,-1.186132886,0.796966509,-2.286711744,-1.622016695,-1.390302383,-0.132731713,-1.676646662,1.032970937,-1.039871794,-0.489064132,-0.130336502,-2.225624052,0.800565577,-0.244494877
0.73764242,-1.056702886,-1.782601531,-1.598497972,-1.006215439,1.18799585,1.153983922,0.333252774,-0.087411457,-0.241562137,1.711958399,-0.422051912,1.224069506,0.120623442,0.062129371,-0.968900682,-0.663976803,0.911036955,0.662894137,0.019116117,0.655704885,1.797161519,-0.438970187,1.792009438,0.139501039,1.782802811,0.576838058,-0.302998777,-0.745915246,-0.09376138,-0.406165353,0.265436464,-1.352859585,0.488395949,0.648045207,0.338470239,-1.255266099,-0.88116493,-1.263722809,-1.524178068,-1.780226233,0.392785055,-1.360626614,-1.137873003,-0.808558032,-0.532560116,1.519075472,-0.775876828,0.490724952,-1.697722827,1.362795411,-1.058718725,0.598506776,-0.413094135,0.574307337,-0.235595759,1.000374494,-1.185478222,0.794936326,1.837385904,1.44543553,1.674776114,-0.365859854,0.411049486,0.430677911,-1.316395234,-1.1141321,-0.941864983,-0.216292076,-0.738353773,-0.751836177,0.11270349,0.478095799,-0.46904409,-0.381553288,0.646265195,0.620576488,-0.549220012,-1.622523152,-0.797619202,-0.828737835,-1.351313392,0.996099566,0.680517764,-0.716825308,-0.536143432,0.123190611,0.769830405,-0.966006324,0.227613546,-0.727738625,-0.382432409,-0.717234976,0.912242549,-0.321169917,-0.58554917,-0.104250021,-1.410587054,1.133786364,-1.196666229
1.026256627,-2.640858952,-0.05013607,-1.033386504,-2.001000115,1.632236049,1.510169911,0.680365846,-0.201137471,0.767512263,1.86179846,-0.527124397,2.073574363,0.964623649,-0.217285742,-2.20909475,0.09803374,1.105223718,-0.822345119,0.488273219,0.777809968,1.793108559,-0.858729621,1.61571815,2.013929213,2.365240592,0.132255579,0.244983318,-1.873403458,-0.428938464,-0.422814746,-0.02706292,-1.951224244,1.265086718,1.407958001,-0.22614806,-1.014730805,-1.255266099,-1.228607085,-1.17409043,-1.763755273,1.248008828,-0.690949597,-0.288615842,-0.586807145,0.669417854,2.318438757,0.124692444,0.702602339,-1.694995801,1.561654242,-0.895753081,0.352064331,0.236336145,1.068324888,0.364087404,1.288957128,-0.963644428,1.433750302,2.169476468,1.287385213,1.603460081,-0.19431317,0.054204054,1.093867718,-1.124237836,-2.62554898,-0.173401459,-0.991014278,0.121155122,-1.523260216,-1.098412309,-0.354819523,-1.293168383,-1.381107834,-0.606786015,1.128882812,-1.46015621,-0.685575915,-2.544656654,-0.15280159,-0.784823969,0.051928093,0.862003486,-2.292634762,-1.430455257,-1.596521687,1.124215056,-1.949817774,-4.710530702,-1.717023123,0.217527813,-1.350155315,0.67187247,-3.47054746,-0.714779481,-0.375129908,-1.382700826,0.041909403,-1.263722809
0.215756333,-1.085597352,-1.546463113,0.278464723,-1.532476871,-0.254763226,1.674382601,-0.137424676,-0.051714436,0.061753396,1.305843237,-0.396901877,1.597142634,0.31816278,-0.573942933,-0.733760863,-0.113616727,0.186645528,0.808393669,-0.924070919,0.165599181,1.773612471,-0.560015868,1.187782445,0.767326579,1.650714204,0.003294567,NA,-1.81954185,0.029170377,-0.531368525,-0.503188197,-1.89578754,1.166924929,1.422939645,0.182654835,-0.392302122,-0.791863154,-0.800732391,-1.714798428,-1.189412653,1.037764725,0.837810137,-0.642644198,-0.800732391,0.047360571,1.318122581,-0.118445755,1.337104117,-1.786175091,1.451894818,-1.569256123,0.016266973,-1.496555755,0.541102615,0.317726194,1.366397729,0.566733256,0.445454756,1.515303042,1.363409489,1.900718502,-0.066139803,0.21993842,0.758934921,-1.817692851,-0.97127504,-0.559315833,0.23079421,-0.672952473,-0.186691089,0.741127493,-1.84136997,-1.087672349,-1.706499625,0.033821549,0.643431588,-1.23031678,-1.266202881,-0.972332123,-0.262794357,-1.881246636,1.022378983,0.767744319,-1.232715273,-0.433401727,-0.085231144,0.95578064,-1.901128006,-0.297597737,-0.991014278,-1.461880348,-2.617295838,0.119736682,-1.282294771,-1.126703169,-0.574653287,-2.052604888,0.628981923,-1.019154367
-0.161930867,-1.025826619,0.031014054,0.295873432,-1.825729989,-0.060918415,1.427628225,0.328152005,0.031692447,0.888261559,1.263985474,-0.283026261,1.163556977,0.617399403,-0.897959775,-0.867976872,0.064194712,1.245220308,0.531568985,0.411844715,0.750708291,1.301798001,-1.096614286,0.806207973,1.39869219,1.41699329,0.038739828,-0.155718575,-1.779633289,-0.599292605,-0.463624022,-0.088940509,-2.298593072,1.557470707,0.971006164,0.200325181,-0.664559724,-0.201993793,-0.621384814,-0.351261054,-0.502361545,1.019533006,0.450374737,-1.150116132,-0.170788321,0.685014197,1.176467991,-0.342631164,-0.051503843,-0.738353773,1.343621697,-0.230545881,0.000299955,0.327431492,0.841222299,0.441668453,1.254447264,0.039220713,0.897474818,1.410450244,1.171304974,1.797956892,-0.37789858,0.210747031,1.14756117,-1.920729851,-1.672910335,-1.325763861,-0.962858368,0.802136106,-0.229413164,0.106519843,-1.041003976,-1.432128898,-1.907843948,-0.233572747,0.567243764,-1.109572129,-1.201309687,-1.916642651,-0.948555693,-1.795767491,-0.059537713,0.571939538,-1.142877705,-1.157725553,-1.38230234,0.533799687,-0.788117418,-2.766209115,-1.162830861,-0.889162065,-2.694147296,-0.379651173,-1.766676689,-0.373966441,-0.440211844,-1.525556429,0.585283535,-1.506430162
0.37101168,-1.813391769,-0.953214086,0.112792828,-1.852146619,-0.069778895,1.931564889,-0.364995176,0.235230212,0.037488444,1.830948131,-0.029222859,1.575032786,0.272009903,-0.275226631,-0.742547531,0.523307401,0.263210061,0.512823626,-1.616966179,0.485138517,1.654392157,-1.097812609,1.749686693,0.600648046,1.695927487,-0.833329211,-0.009040745,-2.125276078,-0.289951312,-0.417031745,-0.39660448,-0.965743616,0.71083974,1.487993181,0.547543207,-1.065370955,-1.121471583,-1.122085645,-1.021095846,-0.844435295,0.873591977,-0.250001006,-1.041287222,-0.143985851,0.72947911,1.748016546,-0.253087428,1.674045181,-1.963972292,1.583155537,-1.903808973,0.522062256,-1.634243031,0.162543929,0.55583723,0.907855253,0.675034125,0.432171951,1.883517895,1.85362254,1.94329244,-0.612858349,0.642432666,0.586341176,-1.846426871,-0.570398715,-2.218243945,-0.735845935,-0.767655233,-1.47840965,-0.918292735,-0.823255866,-1.915963073,-2.517016704,0.897107913,-0.039676817,-0.664365379,-2.161953963,-0.112608944,-1.37634403,-2.149864006,1.240256516,NA,-0.383312304,-2.850766503,-0.929882685,-0.011667805,-2.907721396,-1.028060633,-1.496109227,-0.815088851,-2.100460909,0.835514422,-0.833559334,-0.627546724,-0.810355382,-1.683084453,0.98155399,-1.470545914
-0.031800313,-0.079043207,-0.573587946,-2.556187852,-0.264747101,0.33332443,1.088460938,0.643011111,0.446990855,1.080108817,1.108694624,0.519924107,1.394386531,0.226418184,0.51342225,0.46115207,0.551007413,1.057825016,-1.065080806,0.289680075,0.065974989,1.332154915,-0.71355399,0.712067065,1.006497,1.140681505,-0.853785527,0.040949986,-1.690647968,-0.728774358,-0.811705517,0.567527267,-3.286084575,-0.303540488,1.03346914,0.461341219,-0.438039954,-0.852846559,0.12777737,-0.796066235,-0.632804952,0.793580578,-2.044846897,1.096042323,0.73419315,0.56650628,1.086067261,1.065882464,0.774957556,-1.719252778,0.580482275,-0.806763907,0.220339624,0.238150383,1.091688374,0.400988436,1.167422921,-2.452245868,0.709955132,0.906280799,1.202491708,-2.397995278,-0.52087596,-0.362118304,-0.043116291,-0.717234976,-1.510950966,-0.775442423,-0.63506697,-2.431555474,0.128744956,0.226338442,-2.633870803,-2.704556312,-0.120023043,0.353469813,1.119394828,-0.383459028,-1.511857584,-0.77414034,-0.719080563,-2.073061935,1.313320361,-0.117545564,-1.662838689,-1.968974089,0.872882062,-1.265493661,-0.585010522,-0.117545564,-1.041003976,-0.404515559,-0.241434821,0.694546202,-0.641503947,0.060624622,-0.750352654,-1.809109108,-0.47320876,-2.447610865
0.306749135,-1.259133216,-1.851509474,0.458310531,-1.706499625,0.188303629,1.764593801,-0.262534279,-0.327671081,-0.781978394,2.631053959,-1.804844709,0.750566671,0.661966063,-0.535972506,-1.200977295,-0.6919479,0.612479278,0.786318711,0.643641761,1.101840406,1.953523948,-1.27833722,2.461313849,-0.082512422,1.46561373,-0.094860281,NA,-1.065661189,-0.124543335,-0.473851021,-0.137309951,-1.876011022,0.766537038,1.329485886,-0.010252377,-1.38469564,-1.926205566,-1.454573202,-1.592580795,-1.545524587,0.722463235,0.770015625,-1.139434283,-1.765507098,-0.436027414,1.856704158,-0.949330586,1.124280035,-2.058071516,2.094096137,-1.342468882,0.971876799,-1.171828351,-0.191160506,0.304022832,0.651856326,1.222716047,0.654406352,2.672947929,2.072844831,2.719978772,-0.729603718,-0.247180129,-0.272859144,-1.123007446,-0.676880208,-0.176856517,-0.275490032,-0.848632083,-1.440539376,-0.537511889,-0.342349474,-0.609357655,-1.488991759,0.817839625,0.444172869,-0.855901432,-1.247576442,-0.375420987,-1.153596597,-1.660731207,1.452503361,0.974597375,-0.867738691,-1.582309245,-0.685377443,0.80428597,-1.927579192,0.513122983,-1.524178069,-1.303424883,-1.532939942,1.097311443,-0.379066634,-1.21402314,-0.176737179,-1.344384958,1.441776371,-0.06123731
0.432431556,-2.700082032,-0.402120707,0.13076507,-3.216378945,-0.553385238,1.809713985,-0.641693899,-0.340098805,0.033724869,2.029712812,-0.397496939,2.008670304,0.114488727,-1.212004976,-1.767847649,0.001498876,0.135404637,0.439930945,-0.955551446,0.696790536,1.813015289,-0.899925378,1.804544064,1.069972731,1.785506628,-1.133825044,0.045833416,-2.385966702,-0.716415808,-0.358676947,-0.481266822,-2.680921534,1.218644645,1.585104235,-0.046462874,-1.445195469,-0.841647189,-1.87470639,NA,-1.340938659,0.887808949,0.033531483,NA,-0.658166212,0.27543235,1.589500476,-0.574830954,1.833365157,-3.146555163,1.558902226,-1.87470639,0.368870278,-2.357041279,1.099078847,0.620253855,1.346253312,0.231032353,0.5465016,1.999816455,1.671003268,1.999748773,-0.672560547,0.637475896,0.87200441,-1.581822745,-0.383165601,0.102195512,-0.220646671,-1.183843433,-0.725877005,-0.264356247,-2.035616062,-0.89086668,-3.882464203,0.599385801,-0.350408902,-1.317514846,-2.362335097,-0.482238167,-1.441807071,-2.440698395,1.362948966,0.376379527,-1.425451076,-1.232372279,-0.929122711,0.4626013,-3.892220378,-1.33484108,-1.985586966,-0.979496808,-3.47054746,0.75584025,-0.353679435,-1.320506621,-0.537511889,-3.257097038,0.812395808,-1.498343865
0.892940218,0.026836654,-0.062620362,-2.216407397,-0.977102871,0.887026686,1.265594576,0.777718082,0.47871557,1.097811969,1.411011364,0.25278002,1.395947618,1.228060356,0.326926824,0.432950565,0.203022473,0.602292062,-0.872034641,0.619931118,0.498894733,1.533528318,-0.026549335,1.164493658,1.28104495,1.439764036,0.198768888,-0.028399475,-0.732928051,0.013705647,-0.378628454,0.004987542,0.67187247,0.663203304,0.849894486,0.808750064,-0.02081514,0.242867744,0.02849027,-1.899790213,0.51234447,1.305084306,-1.505979204,-0.080234393,0.343802448,0.610471844,1.383991712,0.960422443,1.272817665,-0.823711551,0.672842427,-0.877550904,1.047213726,-0.002002003,1.073157719,0.017839918,1.470911207,-1.767847649,-2.121931593,1.014542037,1.201529823,-0.830571857,-0.369470748,0.222743471,0.06137728,-1.249318906,-0.622316,-0.014809116,-1.25456459,-2.024953356,-0.15958207,0.464865451,-0.163107338,-1.638351923,-0.495937011,-0.332818918,0.850065456,-0.190192451,-2.054163735,-0.959198233,-0.239527031,-1.858540503,1.441539835,0.483844895,-1.010052112,-2.487710577,0.118937924,-1.395536943,-0.811480368,-0.567572358,-0.392154094,0.682086233,-0.468245176,0.709315762,-1.466203744,-0.809007067,-0.315807236,-1.833206659,0.073436318,-1.995835958
0.108405874,0.323531725,-1.338266392,-2.61319467,-0.52661631,0.677373426,1.461053907,-0.235848924,0.308587033,0.432366661,1.579102409,0.494025285,1.752516089,-0.195893237,0.840445868,-0.572523738,0.286381227,0.988499759,-1.072652187,0.568943577,0.767744319,1.824145985,-0.50766396,0.656431328,1.579576464,1.545560506,0.170670614,0.684762124,-1.322005871,-0.052978925,-0.892330094,-0.199060881,-0.335612606,0.103097958,1.212446798,0.565938614,0.120977927,-0.620826519,-0.008132983,-2.251891979,1.345264012,0.276873874,-2.230264431,-0.557567886,-0.286749174,0.16627686,1.100577024,1.207107885,0.946858733,-0.308429146,0.744315467,-0.403467105,0.010148331,-0.440056553,1.062812385,-0.425871918,1.550727707,-2.350725468,1.18053016,1.360001719,1.453672596,1.571528339,0.380694159,0.262287338,0.173701175,0.006578315,-0.956331781,-0.114289146,-0.823939471,-0.566162169,0.163733192,0.455841315,-2.272055888,-1.133203733,-1.438430116,-0.067315707,0.999859523,-0.797397202,-1.342468882,-0.267487365,-0.465215113,-1.550226053,1.609097855,0.350656872,-0.174472442,-2.264326381,0.623529114,-1.699909816,-1.137561039,-0.803185286,-1.090049058,-0.530178352,-1.951928221,0.759636922,-1.556371192,-0.620268535,-0.706840508,-1.415929166,-0.022654691,-1.805452796
0.733136829,-0.090252989,-0.543693227,-2.698595042,-0.377460912,0.625296514,1.394287332,0.23956793,0.354382318,0.785817515,1.455050538,0.250836536,1.555488462,0.905957528,0.796741137,-1.483686707,0.157858085,0.979152849,-0.825079852,0.371218669,1.466929201,1.544451291,-0.040717833,1.101607798,1.417841477,1.470589553,0.676712874,0.855903582,-0.419919065,0.538362967,-0.058795047,0.304096614,-0.360826407,0.8103078,1.335606147,0.791180921,0.166700176,-0.628671161,-0.366004039,-2.311625838,-0.001300846,0.515813165,-1.677716753,-0.656044093,-0.280375497,0.23594131,1.122133484,0.741508681,0.304391686,-0.544727175,0.746545757,-0.318416232,0.692597029,-0.269056608,0.853521312,-0.267226064,1.413958165,-2.236797353,1.359411226,1.034571422,1.434203185,1.52755518,0.327575636,1.136967243,0.371287656,-0.307204739,-1.407313728,0.497253944,-1.009777575,-1.22894879,-0.632616681,-0.21815601,-1.856618042,-1.703748592,-0.40137349,0.029364609,1.28456613,-0.30734071,-1.663366255,-0.839561199,-0.820753305,-1.340174426,1.424697432,0.644114487,-0.744019511,-2.098012927,0.29020389,-1.679860377,-1.000215967,-0.160638346,-1.344768614,-0.870839469,-2.262403303,0.812484563,-1.058718725,-1.04072081,-0.680033541,-0.938536341,0.424221437,-1.350155315
0.239410524,-0.764213629,-0.067850667,-2.688247574,-0.933945667,1.182616371,1.570884177,0.422977533,0.454509208,0.470378559,1.823274286,-0.365139237,1.593999349,1.20480246,0.85526603,-0.18825915,-0.600932697,0.316561032,-0.518018094,-0.048770164,0.82307835,1.848187061,0.093217082,1.351909934,1.186501058,1.566426022,1.278040776,0.477289523,-0.565809932,0.479520698,-0.241052972,-0.298406036,0.764769924,0.611394679,1.399383326,0.510905621,-0.846997905,-0.666310527,-1.250365844,-1.250365844,-1.454573202,1.21146467,-1.038740892,-0.319516796,-0.625675465,-0.0927734,1.624050625,0.224342832,1.099911444,-0.882614206,1.686584122,-0.861329174,0.856413331,-0.618039708,1.067362391,0.587619984,1.181849887,-1.850872734,1.078817661,NA,1.763788572,1.807632818,0.215998083,1.224804314,0.386350244,-0.839561199,NA,0.199424465,-1.025547718,-1.872752628,-0.032419891,-0.760783829,-1.537582475,-1.509140191,-0.311838162,-0.208254939,1.328903567,-1.013352445,-1.563508981,-0.386986887,-0.872034641,-1.245142081,1.635242102,0.605189902,0.331746804,-2.223773913,0.039989648,-1.21874809,-2.521985658,-1.052683357,-2.051826375,0.579530454,-0.908322562,1.258915432,-0.683791086,-0.717234976,-0.608806032,-1.168283962,-0.235216133,-1.24098263
1.242308511,0.251147748,-1.092133323,-2.415753791,-1.133514341,0.869324903,1.413690633,0.686978191,-0.09014355,1.04766981,1.427868073,0.149195566,1.741956292,1.086978208,0.550719187,0.097943074,0.168729603,0.938991117,-1.416753569,0.692246775,0.300178664,1.982586419,-0.936748574,1.153510743,0.906199991,1.920182,0.544531156,0.695743806,-0.465692934,0.543718667,-0.284885985,0.639429898,0.460710582,0.481870439,1.36072011,0.452094209,-0.311838162,0.398306211,-0.632616681,-1.695540611,0.016857117,1.458824303,-1.797576355,-0.711107506,-0.084469157,0.554631961,1.311112736,0.247562956,0.743127113,-0.73334437,0.749858272,-0.519698202,0.758185577,-0.707246105,0.787183822,-0.47032368,1.720889838,-2.409057338,1.388940856,1.232414478,1.398939079,1.894827359,0.257660913,1.390883813,-0.128515422,0.401189313,-0.335612606,1.147846799,-0.169365846,-1.446469084,-0.871556401,-0.238130294,-1.708705914,-1.25211318,-1.338647708,-0.223768747,1.082211867,-1.018600351,-1.967542449,-0.813057477,-1.659153505,-1.590125601,1.501897244,NA,-0.883339632,-1.911218909,0.23617823,-1.383897237,-1.413049098,-0.231932057,-1.480605041,0.207014169,-1.976884953,0.911519367,-0.740238788,-0.944433038,-0.958154936,-0.947523434,0.129623768,-1.761424269
0.620253855,-0.646263595,-0.384486702,-1.199648833,-0.913544506,1.259369668,1.985542865,-0.102697398,0.652741766,-0.168418652,1.362437025,-0.358676947,1.744231009,0.558815468,0.110377907,-0.920549789,-0.759928214,0.641748617,-0.95217701,-0.619896719,-0.031800313,1.905846795,-1.010052112,1.538392937,0.97986629,1.624346229,-0.331424995,-0.959459227,-1.027222293,-0.434018916,-0.418550348,-0.925331477,-0.036145447,0.880829344,0.918208891,0.848525678,-0.568454737,-0.581605806,-0.093871216,-0.967320903,-0.042072776,0.925646827,-1.045261113,-0.814411268,-0.264095763,-0.019182819,1.342812583,0.359770149,1.272481559,-0.643785751,0.750472247,-0.644357016,-0.287415441,-0.496265472,0.358303617,-0.624554389,1.292587895,-1.336742582,0.910192173,1.365045188,0.611503192,2.249099925,-0.985105048,-0.465533635,-0.961026626,0.105620482,-0.437420279,1.956482634,-0.029428811,-0.778051688,-0.929629296,-0.449573748,-1.08146023,-1.021651248,-0.972596568,0.098305689,0.753583549,-1.053543325,-1.057854296,-0.946234608,-1.135068826,-1.260543156,1.072405196,0.624493537,-0.937769764,-0.893551245,-0.687562802,0.724355108,-1.131342113,-0.037701867,2.120307535,-0.384046141,-0.714370817,1.325057052,-0.872273846,-0.963906586,-0.626236475,-1.116267224,0.647940588,-1.156771203
1.131821378,-0.939047719,-0.932166081,-1.236151703,-2.195526021,1.739922167,1.701086853,0.430482871,-0.270497248,0.248967231,1.513191294,-0.370194494,2.037512163,0.760431927,0.310641477,-0.389493339,-0.842343487,0.261055716,-0.898942094,0.277025492,-0.002603386,2.11465182,-0.438504962,1.39948202,1.256612692,1.995053992,0.266739295,NA,-1.052969931,-0.071066448,0.454318762,-0.170906952,0.159223506,0.443338761,1.022163117,-0.430475271,-1.759679576,-1.103825856,-0.871556401,-1.709258248,-0.629046255,0.952121089,-1.341320996,-0.616000971,-0.472727335,0.612208238,1.667631346,0.410386312,1.5246858,-1.766676689,1.405949919,-1.354020801,0.3587927,-1.610939039,0.768532908,0.221702514,1.422746823,-1.236495996,0.893717871,1.461448215,0.929404371,1.246198613,0.01222497,0.711625402,0.510485566,0.45152138,-1.584257614,1.482399679,-0.394525168,-0.621012583,-1.131342113,-1.073236982,-1.795767491,-0.671777155,-1.189412653,-0.604587004,1.062466842,-1.169249368,-0.891842052,-1.698269126,-0.381699755,-1.134135845,1.071446621,1.022127134,-1.112001526,-1.348613294,-1.714243027,0.921437465,-2.163693094,-1.650780876,-1.031701583,0.531098729,-1.020540753,1.541523031,-0.349132035,-0.051293294,-0.254118356,-1.463607464,0.373010785,-1.069441911
0.706655531,-0.59747343,-0.997500787,-1.014179233,-0.488901066,1.760251602,1.950044448,-0.4405225,-0.633558389,0.825096072,2.51321872,0.169995907,-0.297059234,0.667624223,-0.032110054,0.456158222,-1.161552088,0.202859208,-0.934709317,-0.014606152,0.811330136,2.560833205,-0.443322751,0.921318074,0.098668172,2.217136131,-0.022347864,0.089200645,-0.781322871,0.017446914,-0.647600366,-0.083272919,0.461278173,0.40919149,1.024822215,0.354382318,0.804822714,-0.23483665,-0.879717752,-0.535459905,-0.854490331,0.679149671,-1.752731082,-0.811030221,0.790364631,-1.060161102,1.019893704,-0.156419919,1.325402516,-1.428784413,0.584726432,-1.33142746,0.201225087,-0.938791997,0.055813065,-0.740658163,0.630580048,-1.695540611,0.587786665,1.109057547,1.77742387,2.301914868,-0.331007197,1.320234684,1.443076315,0.454826538,-0.789217649,2.057093678,-0.36686959,-1.540378377,-2.002480501,-1.102319151,-1.642994696,-1.121778567,-1.882559834,-1.937247776,0.404397872,-1.506430162,-0.879717752,-1.758518135,-0.837248525,-1.633730605,1.262939582,0.947169052,-1.344768614,-0.85943792,-0.604220971,0.743745233,-0.947265536,-1.986315564,-1.079103822,0.332966097,-1.287716798,0.746213901,-1.767847649,-0.90090963,-1.044408235,-1.684161459,0.347482826,-1.355571188
0.802584375,0.654770111,-1.223155624,-1.736135566,-0.953214086,1.686361916,1.965684765,0.21985816,0.270942748,0.571487892,1.882924707,0.14384057,1.729263306,1.240487938,0.489193324,0.588897159,0.321431113,0.422780986,-1.476219069,-0.053717283,0.567527267,2.428750675,-0.524755529,1.587110501,0.937504128,1.969961441,0.471502505,-0.016332655,-1.042988385,0.484953816,-0.209610537,-0.002002003,0.166022784,-0.137998498,1.336526219,1.047248816,-0.876108942,-0.574120474,-0.015722961,-1.197328262,0.238938157,0.937817362,-2.167180456,-1.034792776,-0.330033013,0.465116708,1.666649658,0.713880747,1.777576025,-0.212698294,1.065572435,0.120534802,0.503196597,-0.68299885,0.32215596,-0.290753451,1.349241297,-1.95970486,1.19049235,NA,1.295740353,1.605249152,-0.034384427,0.502894253,0.392650011,0.337400377,-1.662311402,0.469816112,-0.564402225,-1.403644,-1.561124052,-1.435064526,-2.091514123,-0.592035679,-0.951399909,-0.519866368,0.785999798,-0.497251504,-1.642994696,-1.239599982,-1.836966062,-2.029509173,1.000006685,1.161461884,-1.147592471,-1.505528449,-2.679462744,0.647364988,-1.071483621,-0.198207066,-1.396344697,0.527387712,-1.277619345,0.951348948,-0.564226401,-1.209320411,-0.656236827,-2.157619323,0.649247538,-1.251763468
0.244200294,-0.252314929,-1.508688009,-1.943513025,-1.790360448,-0.745704431,2.250396661,0.574532549,0.169827159,0.2569651,2.204409813,-0.090800364,2.089156696,1.006825893,-0.284088537,-0.014200349,0.132868673,-0.650854268,-1.397153105,0.014494446,0.026836654,1.15227943,-0.527124397,0.310714772,-1.635781888,2.124988357,-0.633558389,-0.468404908,-1.577454867,0.001898197,-0.454917992,-0.120248573,1.355989781,0.17756024,1.984045108,-0.122506675,-1.861752841,-0.659325632,-0.709073331,-1.554949727,-1.271894821,1.272817665,-0.240798487,-0.976571663,-0.009040745,0.439351104,2.045354628,-0.418246443,-0.812832024,-0.276148837,0.754571483,-1.794563397,0.518912834,-3.399199379,-0.455548608,0.644429514,0.431847349,-2.362335097,0.308880784,2.294492436,1.729014894,1.466329377,0.553425237,-1.631172405,0.722851603,-1.340174426,-0.135132674,1.54462202,0.109392377,-0.867500568,-1.493434237,-1.194022474,-1.790959789,-1.588655373,-1.081755172,-0.489390343,1.728375837,-0.17411532,-3.001750346,-1.187443502,-1.359847191,-2.590267165,1.715598108,0.908984103,-1.585721386,-1.787966671,-0.312931507,1.745296595,-0.912796843,0.045928932,-1.155500151,0.237125349,-0.667674385,1.455563861,-0.289149816,-0.129311737,-0.730849048,-2.394700382,0.234676787,-1.755041886
0.707937266,-0.347149031,0.042963699,-2.286711744,-1.538513574,-1.118100965,2.864084819,0.807279115,0.551986761,0.290727431,2.323563499,-1.387495082,2.383335243,1.120765093,-0.875148789,-0.599292605,-0.578926036,0.393527471,-2.058854908,0.666443798,0.395751416,2.484164708,-1.004029646,-0.673344553,-0.170195377,2.202223175,-0.278392026,-0.267618041,-2.110313205,0.989541194,-0.976306164,0.575995196,-0.680823431,-0.327671081,1.637305966,0.660933858,-1.379914754,-0.490206337,-0.660292844,-0.919295241,-0.270235159,1.459173007,-1.798784084,-1.281934346,-1.242713633,0.280128617,1.604083604,-1.272608597,-0.742127363,-0.439901285,1.11189041,-1.394326533,1.093599747,-1.300116665,0.350445582,0.429507103,1.236749724,-2.199126385,1.393915248,2.17554686,2.33427754,2.076524792,-0.064111945,-0.323654733,0.599495624,0.48205571,-0.009040745,1.575819079,-0.846997905,-0.780886095,-2.032557956,-0.707448965,-1.644029357,-1.603952982,-0.439901285,0.471127997,2.491633971,0.297062934,-2.03408584,-0.857078872,-2.190149664,-2.556187852,0.662172376,-0.953214086,-0.63412384,-1.04611472,-0.935218742,1.489008879,-1.239945465,-0.310746012,-0.86654864,-0.710089901,-1.355183366,0.807011437,-0.262404265,-0.943148186,-0.724844267,-2.08828049,-0.40661577,-2.161085531
0.224023164,-1.495216768,0.386418195,-2.297597551,-0.831949583,1.045809083,1.257921071,0.346988178,-0.639227339,0.641327432,1.395105429,0.106160196,1.416847814,0.016562088,0.469941127,-0.325591646,0.316706751,0.913767551,NA,-0.01959065,0.178480857,1.447036623,-0.244367188,1.260419298,1.427772141,1.427244347,-0.592759007,-0.14329317,-2.068303797,-0.767870727,0.054582878,-0.941352162,-2.560061323,0.652689703,1.208900643,0.613183636,-0.153267736,-0.547662514,-0.316081547,NA,-1.448595387,1.152784768,-1.53433044,-0.268271679,0.769367206,0.456601724,1.375915689,0.779600068,1.213665676,-1.835084594,0.817663055,-0.839329691,-0.271939966,-1.507784259,1.077967307,0.752170521,1.441563491,-1.887169654,0.690343253,1.436939946,1.363793096,1.411718413,-0.492821999,0.046024438,-0.180922536,-0.608071008,-1.454573202,-0.495280412,-0.484345991,-2.507152259,-0.38580955,0.306749135,-2.558768498,-0.53204926,-0.907083251,0.536025425,1.388766303,-1.550697417,-1.814005078,-1.07939807,-0.704410373,-1.653912403,1.293301494,0.45444573,-1.934475771,-2.377308639,0.804777997,-0.542316291,-1.407722309,-1.457146102,-1.181233317,-0.2424538,-1.818925137,1.195194387,-1.456287733,-0.360252765,-0.874908894,-1.922095971,0.4069307,-2.327902901
0.216884001,-2.058071516,1.061256502,-2.121097217,-0.721340915,0.335972112,1.081228733,-0.163460549,0.828857448,0.386554083,1.300191662,-0.171856507,1.466652404,0.044686518,0.551756412,-0.034384427,0.405465108,0.868276267,-0.924827063,0.479396874,0.626205775,1.463093352,-0.845133538,1.327075002,1.452409763,1.31138222,-0.721958262,NA,-1.822631133,-0.305303081,-0.710293339,-0.624180976,-2.456902453,1.181573809,0.234755867,0.160501897,0.071669287,0.724209706,-0.552342304,NA,-0.897959775,1.164462449,-1.541312083,0.16847615,0.079365555,1.311813242,1.088696624,0.499319684,1.296479057,-1.621004549,1.208930495,-0.760142049,0.028198654,-1.10262031,1.471485332,0.032563991,1.427100356,-1.989966535,1.12073249,1.30689936,1.37401933,1.274300784,-0.902634405,0.223223548,-0.103695236,-0.205549243,-2.23305903,-1.717580071,-0.609357655,-1.7567785,-0.519698202,0.532097759,-1.254915283,-1.893127964,-1.434644622,1.015411823,1.377808458,-1.157089218,-1.260895952,-0.154200681,-1.090346544,-1.202973304,1.379596984,0.547832349,0.910876099,-2.118598257,-0.111378588,-0.719080563,-1.528318861,-1.589145209,-0.839098236,-0.29410264,-1.128247094,1.272173362,-1.604450371,-0.937514368,-0.758219177,-0.33785319,-0.047510983,-1.631172405
-0.242963679,-1.949817774,0.150744887,-1.918003196,-1.211669011,0.938482659,1.741413095,-0.810580277,0.540403843,-0.083599024,1.97696575,0.022446189,2.092826561,-0.149080223,-0.118896155,-0.461242124,0.008662373,0.883354232,-1.171505614,0.227693186,0.004290781,1.529571856,-0.922811949,1.963272827,2.073536642,1.788988968,-1.246532419,0.31903538,-1.671845373,-0.056147161,-0.790319092,-0.094200795,-2.168928708,0.84771206,0.951503424,0.257892744,0.178982656,-0.692947201,-0.653157532,-1.194682757,-1.53433044,1.012836512,-1.293168383,0.01400152,0.921238472,0.502168257,1.25279154,0.381445602,1.345810851,-1.364141556,1.081296566,-1.318635713,0.357604512,-1.323131786,1.309872175,0.077886539,1.194467774,-2.245260026,1.090109576,1.877065226,1.964156945,2.022513984,-0.62008261,-0.390675023,0.047551302,-1.905152157,-1.698815724,-1.500135178,-0.588967362,-1.606941032,-0.549913012,-0.394821948,-1.35208619,-0.449573748,-1.285544458,0.789093522,1.609657888,-0.707043286,-1.633218441,-0.302051486,-0.780013114,-1.13227249,1.981042847,0.867520568,-0.99398204,-1.789162843,0.126280166,-0.656815251,-1.410587054,-1.317514846,-1.535258514,-1.008131936,-1.271894821,2.007609823,-1.08146023,-0.811030221,-0.671777155,-0.116758561,0.78745686,-1.365707728
-0.419310515,-2.552329326,0.33432708,-0.087411457,-2.359155444,-0.159464775,1.581244178,-0.525770071,-0.573942933,0.01400152,1.340171886,-0.109033921,1.390784266,0.287807065,-0.606786015,-0.481752376,0.651022254,0.590560592,0.993881205,-0.468884256,0.210909014,1.525751909,-0.008838949,1.332234084,1.210779586,1.534240116,-0.235722334,0.352064331,-2.193730688,0.426704611,0.277934721,-0.137424676,-2.072267338,0.616805947,1.037941832,0.265973129,-0.468564665,-0.828966904,-1.041003976,-1.316022308,-1.434224895,1.098378928,0.428465232,-0.450985623,-0.018367657,0.767744319,1.389514172,0.288706547,1.409864393,-2.219163485,1.532967151,-1.74869998,0.026252371,-2.669310373,0.908298882,0.773666698,1.507183678,0.708971316,0.816779741,1.643839339,1.45259695,1.646618084,0.004489905,-0.313341819,0.563323193,-1.511404172,-1.514127733,-0.966269102,-1.251413879,-1.718137329,-0.481105022,0.392514949,-1.971843531,-1.375156617,-1.609938037,0.08213283,0.973464701,-1.351313392,-1.944910649,-0.690151672,-0.667674385,-1.162830861,1.319379686,0.686323955,-2.206366235,-1.690647968,-1.491654877,0.108944087,-1.016111067,-1.922095971,-0.362836746,0.787820794,-2.151582219,1.122296263,-1.11108981,-0.043534002,-0.464419251,-2.291645153,0.163223681,-1.170860453
-0.526108481,-2.068303797,-1.134135845,0.233252285,-1.979053368,0.157772684,1.516861991,-0.57234648,-0.277599737,0.061001022,1.437438894,0.018527305,1.47132461,0.504465441,-0.912796843,-0.319103942,0.39548211,-0.676290063,NA,-1.913249367,0.085902429,1.2398514,-0.518185978,1.245306668,1.201529823,1.469117814,-0.707246105,-0.614151174,-2.253794929,-0.788337368,-0.148500008,-0.893551245,-2.111138628,1.055530799,1.09767852,0.714566148,-0.374257181,-0.968637212,-0.810580277,-1.216382824,-0.859201765,1.225333041,0.619608277,0.044782143,-0.74675895,0.332822728,1.38231144,0.470815799,-0.802515718,-1.866914143,1.513103208,-2.632479014,-0.532389802,-2.682382454,-0.296521021,0.708331316,0.358233728,0.925963797,-0.140412154,1.613410013,1.420719942,1.699296898,-0.677077,-0.404815319,-0.997771974,-1.561600583,-1.960414835,-0.237622873,-0.113840816,-0.968110481,-0.404515559,-0.649321701,-1.307483181,0.525024343,-1.732736129,0.8177072,1.092225268,-1.182537524,-2.649309706,-0.324761081,-1.270468796,-2.149006005,1.287330013,NA,-1.641961104,-1.293897512,-0.88213088,1.091822624,-1.745257636,-1.48456893,-0.594932133,0.804554378,-2.150722744,1.184820565,-0.863224011,-0.355818168,-0.362405619,-1.51367329,0.606335784,-1.097512893
-0.327393573,-2.504701277,-0.448007331,0.481499794,-2.130313872,0.265436464,1.690114265,-0.45523325,0.045355702,0.350516017,1.621089765,-0.380382328,1.669026704,-0.120699785,-0.809680997,-0.886489241,-0.052135754,0.663254823,0.832909123,0.068872864,0.75396002,1.601022603,-0.536314387,1.775663962,1.402315337,1.661935481,-0.823711551,NA,-1.722606611,0.632388175,-0.786579125,-0.09145761,-2.635264531,0.992547822,1.306547443,0.189297171,-0.102254234,-1.264076728,-1.024154378,-0.896978421,-1.485010334,1.529853433,0.17756024,-0.491022996,-0.28595024,0.58455924,1.702782525,-0.351829559,1.760354798,-2.675099101,1.65483184,-1.396748819,0.554746811,-2.392509801,1.193073623,0.500350955,1.562597846,1.024786328,0.661656513,1.826015958,1.677414267,1.710368631,0.041045969,-0.564929883,1.131692392,-0.509659637,-1.199648833,1.139914168,-0.181162229,-1.293897512,-0.615630738,-0.374548005,-1.774902352,0.332535928,-1.944211592,0.025667747,0.933855563,-1.870802677,-1.849600469,-1.099612789,-0.995333939,-1.703199292,0.778866056,1.102803493,-1.97256218,-0.64207391,-1.290984181,0.999601938,-2.009915479,-1.747551215,-0.608071008,0.656586925,-2.169803982,1.092023967,-0.732719956,-0.017247893,-0.79939698,-2.275943162,0.227215251,-0.825993094
0.296542701,-2.065144237,1.16074166,0.436317572,-2.278868566,-0.394525168,1.417453823,-0.337993393,0.99480612,0.59525868,1.541886858,-0.445506158,1.495417788,0.86010126,-0.448476999,-0.388755495,0.049551779,0.735631792,0.577960771,0.491275765,0.932872491,1.492859151,-0.713758134,1.597203375,1.535446857,1.434346158,-0.351829559,0.626045377,-0.996958635,0.406464608,-0.135018212,-0.364419139,-1.643511893,1.179423931,1.356608051,0.205305393,-0.673540651,0.145052272,-1.125469743,-0.786140047,-1.197990733,1.477573701,0.125751205,-0.201259758,-0.109033921,1.361745488,1.521611658,-0.287948775,1.544664697,-2.53451715,1.342838693,-1.137249172,0.528861986,-1.949817774,1.451871405,0.053635549,1.481581813,0.890152074,1.09630964,1.56289123,1.526360605,1.478486047,0.04831386,0.896251277,0.817530608,0.460016423,-1.058430499,0.734768855,-0.712941808,-2.406835114,-0.726910811,-0.388165611,-1.126086266,-2.446455463,-2.361274089,-0.150357882,0.507178983,-0.487760351,-1.320506621,-0.989399204,-0.802515718,-1.865621318,0.867016451,0.499319684,0.455651123,-1.87993516,-1.109875481,0.733088788,-1.697722827,-1.925519459,-1.067695186,-0.310064023,-1.057854296,0.926518252,-0.986176859,-0.618967782,-1.008131936,-1.640412717,-0.024497632,-2.171556831
-0.58788667,-1.637837387,-0.34658318,0.491642804,-1.698815724,0.523781335,1.855188,-0.362980497,-0.291556234,0.165429689,1.922378291,0.045355702,1.757375042,0.524432627,-0.300159594,-0.771973961,0.321576124,1.147846799,0.354592778,0.45527063,-0.445662298,1.809992237,-1.471416615,1.838961071,1.736845593,1.8047086,-0.906340401,0.541859066,-1.601469743,0.351923675,-0.486783629,-0.417031744,-1.330670457,0.941763528,1.1928613,-0.017960325,-0.574298047,-0.71621112,-1.373180722,-1.110178925,-1.140372223,1.78350886,0.003394233,0.062129371,-0.254247296,0.168222632,1.673032238,0.599989682,1.818450084,-1.928954708,1.203482684,-1.173766962,0.076312683,-1.989235274,1.151584173,0.341530849,1.720424572,1.006423898,1.164992862,1.954997307,1.82865376,1.956129185,-0.002202424,0.308440126,0.730731941,-1.268689119,-1.083231187,0.790001622,-0.438815088,-2.003221516,-0.729811165,-0.321032052,-2.862951162,0.523011079,-1.638351923,0.647050885,0.395818731,-1.033386504,-1.390302383,-0.847464541,-0.838172953,-1.626584071,1.171397958,0.829119342,-2.113618993,-1.477094725,-0.434173272,0.649195293,-2.417995945,-1.737839627,-1.057566319,0.158882325,-1.833206659,1.240459013,-0.84397007,-0.358533813,-1.164111271,-1.434644622,-0.389198136,-1.677716753
-0.061131,-2.05650657,0.61950064,0.307925779,-1.881903019,0.291698994,1.559806394,-0.457600863,0.591557325,0.535264546,1.714446366,-0.022961612,1.772593639,0.353399586,-0.716825308,-0.564402225,0.2268965,0.497801173,0.132956227,0.259745454,0.413102535,1.431339426,-0.68995229,1.646618084,1.692123279,1.560037562,-1.821394274,0.019116117,-1.710917081,0.301584978,-1.13103218,-0.731472295,-2.592937394,1.098345586,1.64929304,0.207989304,0.053256366,-0.627172192,-0.480781502,NA,-1.409767717,1.400123299,-0.686370196,-0.54818141,0.401189313,0.618854576,1.257608354,0.076034686,1.599751147,-2.394700382,0.928851514,-1.205640861,0.172018664,-1.659679129,1.389314795,0.280355297,1.389663679,0.491336947,0.670850446,1.714158223,1.534779019,1.696825885,0.011236632,-0.105805059,0.875843667,-0.68995229,-1.895121982,0.627541424,-0.256441837,-1.080281332,-0.475780282,-0.735637232,-1.349384007,-0.199304962,-2.510840032,0.544647172,-0.018571386,-1.389499492,-2.503478035,-1.325763861,-1.388697246,-1.861109547,0.977272937,NA,-1.282294771,-1.588165777,-0.759500681,0.416009322,-2.037915795,-1.164752091,-1.194022474,0.31488373,-2.733368009,1.110903113,-0.714166548,-0.228658732,-0.573233084,-2.614559858,0.034208171,-1.849600469
0.204001506,-2.043302495,0.245687516,0.114488727,-2.139616265,0.552504851,1.408960532,0.136539364,1.255815448,0.275584187,1.427916036,-0.044892769,1.462583881,0.384581897,-0.479165471,-0.222268934,0.850578189,1.192102632,-0.010555514,-0.332121714,-0.039156715,1.292752617,-1.153913605,1.317319347,1.404036043,1.276088794,-1.339792528,NA,-2.192834229,0.700668822,-1.318261951,0.003493889,-3.249335032,0.520459073,1.164836888,0.976180966,-0.009848336,-1.0761661,-0.14745647,-0.889648801,-0.897714346,1.443288873,-0.232058169,-1.149800325,0.610471844,1.162744477,1.389539091,0.54598039,1.264380932,-2.248096908,1.280016758,-0.968900682,0.461908452,-1.608438412,1.026507437,-0.225772003,1.309521302,0.367832467,0.931691529,1.439858824,1.255359594,0.391501401,0.180987334,-0.577499757,0.748439966,-1.37081479,-1.720928289,0.010247317,-0.534947566,-1.716466485,-0.002904213,-0.696954419,-2.226550407,0.004390348,-2.53451715,0.762533308,0.527328696,-0.663006024,-2.022683208,-0.975244875,-0.892818376,-1.553530281,0.48722941,0.629728033,-1.510045169,-1.722606611,-1.105636904,0.694695981,-1.062473242,-1.196004635,-0.707043286,0.595920165,-2.120263536,0.688184889,-1.247228313,0.516290663,-0.952695414,-2.707550326,-0.089815304,-1.256670593
0.24247548,-2.859454655,0.260362262,0.361234533,-2.697110261,0.436899174,1.933418162,-0.400776119,1.050786659,0.117694143,1.772474708,0.337757125,1.83517011,0.283146804,-0.515503213,-0.268402458,0.475612868,1.297681703,0.442760893,-0.094090923,0.641538047,1.714482378,-1.13103218,1.657827997,1.679075909,1.585104235,-0.598382604,0.199997742,-1.820776418,0.610145934,-0.88116493,-0.335892405,-3.973898409,0.866343899,1.715472201,0.741222804,-0.270235159,-0.746969987,-0.876108942,-1.106543659,-1.37634403,1.128915151,-0.209240646,-1.144760945,0.234914007,0.990730078,1.492409592,0.072134598,1.634676717,-2.915074371,1.557976183,-0.921805913,0.704284925,-1.641444709,1.417720351,0.359072069,1.690427864,0.230079442,0.992473693,1.765757667,1.523531379,1.680958254,0.051358292,0.317216603,0.601525191,-0.863698282,-2.181252808,0.171260609,-0.251928903,-1.361016554,-0.191887162,-1.067113622,-1.658628157,0.485076954,-3.280751229,0.478839478,0.493353878,-1.12639467,-2.48530673,-1.16219127,-0.87803202,-1.395536943,1.119917055,0.779691782,-0.929882685,-1.15518264,-1.610438413,0.891260062,-2.223773913,-0.76593295,-1.532939942,-0.120248573,-2.873514641,0.918647951,-1.291347884,-0.263184601,-0.284753033,-3.767922662,0.66808575,-1.455858825
0.533799687,-1.52924137,0.436058973,0.583778644,-1.648178741,-0.012983928,1.736105805,0.128832872,0.349176904,0.790455363,1.671698842,-0.448163863,1.540366466,0.47548856,-0.53204926,-0.760569857,0.212931586,0.222022924,0.404331132,-0.343335737,-0.608989873,1.753884517,-1.464904762,1.636391382,1.080074861,1.639986516,-1.468806783,NA,-3.11903049,-0.03573081,-1.443499835,-0.821662603,-2.712058223,1.039887944,1.29759975,0.687983874,-0.168655366,-0.536143432,-0.532560116,-0.598382604,-1.083231187,1.65508027,-0.022245609,-0.743598724,-0.519530064,1.193407184,1.451098472,-0.025625548,1.57990611,-2.706052198,0.670134406,-1.745257636,-0.859201765,-2.404617819,0.68122641,-0.543348816,1.635962991,0.770524802,0.867100488,1.766441661,1.715184354,1.042852896,-0.312931507,-0.600567999,0.44775802,-0.935728426,-1.812166279,0.548988085,-0.012072581,-1.269044801,-0.590590592,-0.302186759,-1.397153105,-1.809719795,-3.059737604,0.425071638,0.647888274,-1.757937921,-2.040220829,-1.431710225,-1.078809661,-2.60775248,1.597061641,0.428204595,-0.797397202,-0.482562159,-0.937769764,0.804956856,-1.723166678,-1.671313316,-0.690351093,0.25905109,-2.946942109,1.364457667,-1.028899676,-0.869407146,-0.990744918,-2.43383338,-0.754171882,-1.811554097
-1.940027486,-2.877060744,0.071296882,-2.121931593,-0.932674211,0.849979975,1.203992804,0.090480353,0.818942477,0.629195154,1.540430755,0.321141026,1.580318014,-0.254505228,-0.006319929,-1.231001477,-0.54818141,1.333078167,-0.474172306,0.679453853,0.338969117,1.625232518,-0.53580161,1.554876124,1.586312571,1.662542565,0.058268908,0.931218752,-1.037611267,-0.192129498,-0.782634347,-0.368169323,-2.213658884,1.049527081,0.701363335,0.527623742,0.362348817,-1.663894098,-0.176140698,-1.197990733,-0.395861372,1.181236277,-1.835084594,-0.149196306,-0.861329174,0.836208023,1.386369358,0.907693885,1.576852735,-2.307597635,1.561843034,-0.698964066,0.49054128,-1.274395269,1.595886505,1.206868607,1.331996558,-1.623029866,1.314986312,1.690796677,1.590214317,1.7070908,-0.11272087,0.463985557,0.735679711,-1.445619827,-1.56398665,-0.678652734,-0.13547614,-2.224698554,-0.304624793,-0.481105022,-2.081844426,0.886078916,-2.288682188,1.288709095,-0.259159406,-1.825729989,-1.885850393,-1.094520671,-0.135247149,-1.396344697,1.585063249,NA,0.822946618,-1.929643177,0.259359755,-1.745830537,-2.060423536,-1.935860813,-0.701986129,-1.028340236,-2.704556312,1.530589491,-2.192834229,-1.24897017,-0.771757581,-2.173312757,-0.135934277,-2.080241862
-1.051824127,-2.887775132,0.640853386,-2.085057281,-1.087079053,0.695644061,1.509639676,0.797507196,0.370459499,1.027939435,1.650848534,0.157601861,1.67593701,0.16695408,0.355083679,-0.636766847,-0.221145549,1.173565142,-0.440988664,0.306749135,0.7626266,1.922656144,-0.612858349,1.881295435,1.30695349,1.507582358,-0.047196435,0.745597306,-1.173120341,-0.591854929,-1.047539019,-0.348706774,-2.466281186,0.85972038,1.267961174,0.897882332,0.170248976,-1.072944542,0.01960653,-0.644547511,-1.275110832,1.440995592,-1.634243031,-0.657201054,-0.376003398,0.75381886,-1.848964943,0.479892077,-1.901797574,-2.264326381,1.388691486,-0.878994947,0.277101293,-1.595042032,1.504366244,0.540869745,1.840771831,-1.975441952,1.022486898,1.845426611,1.811529416,1.448000751,-0.194556095,-0.221020806,0.475612868,-1.957577954,-1.695540612,-0.968110481,-0.128515422,-2.143873402,-1.072359918,-1.058718725,-2.131155977,-0.663200104,-1.461017907,0.715446688,0.072227634,-1.26655768,-1.821394274,-0.95972029,-0.480458087,-1.741256487,1.649927052,-0.235216133,0.604097364,-2.225624052,0.33203383,-1.495662898,-1.866914143,-1.941420244,-1.510950966,-0.550953415,-2.363397232,1.535942061,-1.98195192,-1.111393623,-0.565457819,-1.833206659,0.241297762,-1.798784084
-0.968637212,-2.748872196,0.333682635,-1.144132804,-0.772190388,0.748818378,1.209676507,0.492193112,0.501683966,1.122491563,1.398790952,0.132167964,1.454677047,0.650970102,0.655445313,-0.347290544,-0.268664067,1.317533606,-0.387281438,1.092963028,0.223543471,1.466929201,-0.903868212,1.28475985,1.331864574,1.414784632,0.242161557,1.096710481,-0.664948526,-0.468245176,-0.807660567,0.046883586,-2.110313205,1.294343532,0.750094461,0.689339942,-0.389345726,-0.400029906,-0.374984401,-0.857314527,-0.225145554,1.160020917,-1.673443242,-0.317866404,-0.737517128,0.341886127,1.383490434,0.566108947,1.128268174,-2.316684017,1.011673636,-0.375275437,0.29817681,-1.342086107,1.226624311,0.687933614,1.368766644,-1.617974244,1.331045887,1.313293468,1.342603673,1.351418197,-0.097502581,0.534444489,0.430157721,-2.179482896,-1.274037679,-1.254214021,0.071669287,-2.143020523,-0.550779939,-1.085005285,-2.145581344,0.239410524,-2.021172634,0.912965208,-0.290084957,-1.323507373,-1.789761467,-0.825308084,-0.46904409,-1.405681075,1.407958001,-0.774357236,1.044965349,-2.357041279,0.759356181,-1.592580795,-1.720928289,-2.499817263,-1.261955087,-0.759500681,-2.679462744,1.236343184,-2.414634597,-0.487109097,-0.473690417,-2.1680542,-0.084360349,-1.666537505
-2.683845512,-2.117766656,-0.523235644,-2.174191878,-0.448946887,0.543021722,1.338730944,0.194250128,0.599275965,0.637370165,1.527772222,0.28735702,1.661460941,0.043538302,0.953355276,-0.438194933,-0.439435628,1.069938428,-0.573233084,0.831212032,-0.527971783,1.664531975,-1.111393623,1.462769173,1.378110968,1.458870804,-0.540254434,0.511325499,-1.206308864,-1.191056579,-0.795622972,-1.254214021,-2.321767912,0.603605332,1.373538348,0.506034163,0.083329608,-0.326422901,-0.227026079,-1.013627965,-0.238130294,0.889494909,-1.571660548,0.053825087,-0.393487131,0.444365257,1.385669166,1.270715145,0.979903825,-1.9618363,0.589063627,-0.687960654,0.010841023,-1.006762635,1.346903634,0.506576609,1.550600443,-1.857258451,0.99061868,NA,1.473411982,1.551490952,-0.517179098,-0.530688253,0.035174075,-0.727324632,-1.551169004,-0.726083681,-0.670212209,-1.89578754,0.241533416,-0.108922407,-2.043302495,0.906523184,-1.199980783,1.153605397,1.035388459,-1.340556469,-2.017406151,-0.972332123,-0.712126147,-1.260895952,1.387593517,0.057230633,-0.234963128,-1.513219055,0.732560183,-1.170215708,-1.611941043,-1.069441911,-0.451299644,-0.160520927,-2.715074816,1.424168014,-1.611941043,-0.430167721,-1.029739424,-1.577454867,-0.497909398,-1.877317358
-1.20764621,-2.478129666,0.09430968,0.273456365,-1.113218441,-0.283690051,1.105985043,0.801283839,0.381582168,0.71481082,1.480194456,-0.546107438,1.416023052,0.647574335,-0.503353609,-0.967320903,-0.221270307,0.350375142,-0.024907636,-0.151869949,-0.178648311,1.678628098,-0.937769764,1.227122764,1.428659165,1.440664168,-0.270759405,NA,-0.57963994,0.054014588,-0.65508098,-0.209240646,-2.503478035,0.931258159,1.734765748,-0.008334637,-0.420832585,-0.528141346,-1.140998005,-1.306374738,-0.252829862,1.011673636,0.130062884,-0.568101692,-0.804972996,-0.63111179,1.625035633,-0.089268468,1.238606088,-3.059737604,0.848568481,-1.301585633,-0.036975236,-2.609110253,0.869995453,0.088926209,1.524424538,0.885996459,0.85143216,1.516005968,1.184851145,1.785691094,-0.371063681,-0.760997848,0.646422382,-0.232310439,-1.696085719,-0.349132035,0.030529205,-1.331806176,-0.198207066,0.181237636,-1.99289694,0.768115497,-1.475344178,0.756028079,-0.103362513,-1.135068826,-2.092324168,-0.747392195,-0.101147182,-1.570698084,1.536264888,-0.010353412,1.330675937,-1.348613294,-0.922560345,0.05552931,-1.654435278,-2.371935171,-0.161225649,-0.296521021,-2.32585372,1.07701405,-1.654958428,-0.155718575,0.17462535,-1.697176827,-0.977102871,-2.126952524
-1.684161459,-2.053384007,0.563835444,0.31444571,-2.052604888,-0.630172381,1.570967318,0.137324191,1.036985081,0.973653569,1.509462869,-0.247180129,1.648254698,0.412639312,-0.629046255,-0.716006475,-0.104250021,0.474493535,0.685971497,0.217929984,-0.174234347,1.447977246,-0.818030363,1.367060572,0.949880235,1.472540862,0.959886476,-0.114962018,-1.467070671,-0.957633695,-0.393783603,-0.747392195,-2.689719244,1.515610633,1.611535711,0.693697029,0.729141541,-1.526476392,-0.096180558,-0.837941765,-0.493804639,1.444563269,-0.203953857,-0.372804326,-0.656815251,0.533037112,1.496761814,1.287550794,1.308224706,-1.915963073,1.551596913,-1.365707728,0.187972228,-2.803460386,0.390892779,1.135169201,1.128073999,0.745597306,0.282166892,1.558291976,1.465498256,1.73765521,-0.867738691,-0.428324402,0.629834574,-1.787966671,-1.668657272,-0.96233467,-0.247692424,-1.435484605,-1.058718725,-1.132893223,-1.768433644,0.688938336,-1.707602161,0.913085601,-0.039989008,-1.417991448,-1.600973834,-0.46648981,-0.288215548,-1.744112816,1.343673875,-0.455864066,0.60251106,-2.248096908,-1.006489,-0.579282924,-2.18036746,-0.614151174,0.158284979,-0.582858827,-1.725971729,1.139850197,-1.753885817,-0.253602759,-0.141102841,-2.306593114,-0.412187654,-1.276185138
-2.258568208,-2.308603165,-1.443076375,0.233093882,-1.779633289,-0.030665414,1.532664854,-0.408419468,0.795162106,0.376242249,1.762141832,-0.196379914,1.538650575,0.231191083,-0.755235373,-0.944690206,-0.420832585,1.00795792,NA,0.060624622,0.029752958,1.848029526,-1.276185138,1.627159945,1.396219939,1.609017824,-0.683592968,0.252391626,-1.957577954,-0.804078741,-1.338647708,-0.689354382,-2.573082341,1.284040127,1.754784233,0.45139404,-0.300159594,-0.823711551,-0.853550702,-0.942121492,0.345502767,1.065227845,0.415547443,-0.312794773,-0.587526699,0.145052272,1.720120242,0.181487876,1.258716639,-2.11943055,1.633291148,-0.927098931,0.324182743,-2.210917904,0.87120968,0.876717957,1.687990279,0.717742227,0.670287886,1.817281006,1.78733302,1.761506426,-0.85566611,-1.264076728,0.359979478,-1.334461212,-2.54338358,-1.854699269,-0.287948775,-1.812778836,-1.108056747,-1.019154367,-1.520054351,0.534854602,-2.65498348,0.95927359,-0.375566558,-1.031421039,-1.939331834,-0.69214768,-0.590410103,-1.46403971,1.534002906,-0.616186139,0.870665554,-1.639381789,-0.550086338,-0.32545317,-2.048718369,-2.344449297,-0.940839605,-0.543865478,-0.867738691,1.357277412,-2.109488463,-0.56106684,-0.574475651,-1.715354138,-0.531198414,-0.561768103
-1.146333025,-3.007804855,-0.029325829,0.2378351,-2.859454655,0.042292912,1.318416939,-0.540426094,0.183071276,0.503438405,1.737250484,-0.140182031,1.823839363,-0.65508098,-0.550779939,-0.741287556,-0.390822831,0.943322071,-0.175187068,-0.527124397,-0.782853094,1.850122713,-2.269150317,1.470428687,1.50240934,1.369173634,-1.215708061,NA,-1.97256218,-0.268271679,-1.591106956,-0.407216641,-2.547207676,1.18933621,1.791209318,-0.230042293,-0.450985623,-1.598497972,-1.174737679,-1.210661792,-0.905598102,0.751840527,0.167123313,-0.995063413,-0.863698282,-0.374693449,1.538886684,0.192271888,1.353719515,-2.141316945,0.611231887,-0.733760863,-0.54283242,-2.197324582,0.669622636,-0.489227224,1.782584171,0.844364992,0.800206253,1.768183733,1.747424367,1.48058129,-0.356674944,-1.403237082,1.128462311,-2.621413894,-2.80016549,-2.255701507,-0.432168491,-1.395940738,-0.353821875,-1.018600351,-1.690105816,0.296319661,-2.199126385,1.271528644,-0.586807145,-0.735637232,-2.319731252,-0.190313407,-0.787677664,-1.885191414,1.710928951,-0.901402119,1.239561931,-2.27789248,-0.854020406,-0.975510092,-1.988504547,-2.255701507,-1.116267224,-0.466649261,-1.888490658,1.452526759,-2.158484749,-0.750776293,-0.416576613,-2.051826375,-1.142250746,-1.483245887
